timestamp,unit_id,unit_type,empire_or_resistance,location_x,location_y,destination_x,destination_y,homeworld
2024-02-06 16:12:08,1,tie_fighter,resistance,8,8,6,3,Chandrila
2024-02-06 16:12:07,2,tie_silencer,empire,8,3,4,8,Muunilinst
2024-02-06 16:12:06,3,at-at,resistance,6,6,9,1,Vulpter
2024-02-06 16:12:05,4,resistance_soldier,resistance,2,5,6,4,Aleen Minor
2024-02-06 16:12:04,5,at-at,empire,8,3,7,9,Kalee
2024-02-06 16:12:03,6,x-wing,empire,3,7,10,2,Corellia
2024-02-06 16:12:02,7,at-at,resistance,6,3,10,4,Glee Anselm
2024-02-06 16:12:01,8,unknown,empire,3,10,7,10,Tatooine
2024-02-06 16:12:00,9,tie_silencer,resistance,1,9,10,5,Iktotch
2024-02-06 16:11:59,10,x-wing,resistance,2,4,7,7,Glee Anselm
2024-02-06 16:11:58,11,at-at,resistance,5,4,9,9,Shili
2024-02-06 16:11:57,12,stormtrooper,empire,7,4,5,10,Concord Dawn
2024-02-06 16:11:56,13,stormtrooper,empire,2,9,7,8,Trandosha
2024-02-06 16:11:55,14,resistance_soldier,resistance,8,5,1,2,Malastare
2024-02-06 16:11:54,15,x-wing,resistance,1,4,9,1,Vulpter
2024-02-06 16:11:53,16,unknown,empire,1,5,3,2,Troiken
2024-02-06 16:11:52,17,tie_fighter,resistance,2,10,2,5,Iktotch
2024-02-06 16:11:51,18,resistance_soldier,resistance,5,3,8,5,Alderaan
2024-02-06 16:11:50,19,stormtrooper,empire,7,8,8,7,Vulpter
2024-02-06 16:11:49,20,tie_silencer,empire,3,10,9,4,Corellia
2024-02-06 16:11:48,21,tie_fighter,empire,8,3,8,4,Muunilinst
2024-02-06 16:11:47,22,at-st,resistance,5,5,9,2,Concord Dawn
2024-02-06 16:11:46,23,x-wing,resistance,2,10,8,5,Mon Cala
2024-02-06 16:11:45,24,at-st,empire,3,2,9,10,Serenno
2024-02-06 16:11:44,25,stormtrooper,resistance,6,7,9,3,Zolan
2024-02-06 16:11:43,26,tie_fighter,empire,1,9,1,5,Champala
2024-02-06 16:11:42,27,stormtrooper,empire,7,5,8,4,Socorro
2024-02-06 16:11:41,28,tie_fighter,empire,4,4,9,2,Tholoth
2024-02-06 16:11:40,29,stormtrooper,resistance,8,7,7,1,Chandrila
2024-02-06 16:11:39,30,tie_fighter,empire,2,3,9,10,Concord Dawn
2024-02-06 16:11:38,31,x-wing,resistance,5,2,7,7,Haruun Kal
2024-02-06 16:11:37,32,resistance_soldier,empire,1,2,4,1,Concord Dawn
2024-02-06 16:11:36,33,at-at,empire,4,7,10,1,Umbara
2024-02-06 16:11:35,34,x-wing,resistance,3,9,6,10,Chandrila
2024-02-06 16:11:34,35,tie_fighter,empire,4,2,9,2,Trandosha
2024-02-06 16:11:33,36,at-st,resistance,4,4,6,10,Tholoth
2024-02-06 16:11:32,37,resistance_soldier,empire,3,2,9,1,Ryloth
2024-02-06 16:11:31,38,x-wing,resistance,5,4,8,5,Sullust
2024-02-06 16:11:30,39,tie_silencer,empire,9,6,3,9,Tatooine
2024-02-06 16:11:29,40,at-st,resistance,10,4,6,6,Cerea
2024-02-06 16:11:28,41,unknown,empire,1,5,3,10,Trandosha
2024-02-06 16:11:27,42,at-at,empire,6,6,2,3,Concord Dawn
2024-02-06 16:11:26,43,stormtrooper,resistance,9,1,9,9,Ojom
2024-02-06 16:11:25,44,at-at,resistance,8,1,5,9,Haruun Kal
2024-02-06 16:11:24,45,tie_fighter,resistance,1,1,2,3,Chandrila
2024-02-06 16:11:23,46,tie_fighter,empire,1,1,10,2,Muunilinst
2024-02-06 16:11:22,47,tie_silencer,empire,5,2,7,8,Glee Anselm
2024-02-06 16:11:21,48,resistance_soldier,empire,7,7,9,1,Tatooine
2024-02-06 16:11:20,49,at-at,empire,7,10,8,5,Tund
2024-02-06 16:11:19,50,at-st,empire,5,6,2,3,Tund
2024-02-06 16:11:18,51,at-at,empire,6,1,9,7,Eriadu
2024-02-06 16:11:17,52,resistance_soldier,empire,10,10,10,10,Malastare
2024-02-06 16:11:16,53,at-st,resistance,7,6,7,1,Socorro
2024-02-06 16:11:15,54,at-st,empire,8,8,7,3,Toydaria
2024-02-06 16:11:14,55,unknown,resistance,1,1,9,5,Cerea
2024-02-06 16:11:13,56,stormtrooper,empire,5,4,5,4,Corellia
2024-02-06 16:11:12,57,stormtrooper,empire,3,9,9,6,Kalee
2024-02-06 16:11:11,58,x-wing,empire,6,3,8,5,Vulpter
2024-02-06 16:11:10,59,at-st,empire,3,4,8,10,Zolan
2024-02-06 16:11:09,60,x-wing,resistance,9,10,8,8,Alderaan
2024-02-06 16:11:08,61,resistance_soldier,empire,8,1,9,5,Troiken
2024-02-06 16:11:07,62,resistance_soldier,resistance,6,6,5,5,Sullust
2024-02-06 16:11:06,63,at-st,resistance,4,3,6,3,Umbara
2024-02-06 16:11:05,64,resistance_soldier,empire,1,2,8,3,Dorin
2024-02-06 16:11:04,65,at-at,resistance,8,6,5,5,Bestine IV
2024-02-06 16:11:03,66,at-st,resistance,2,9,3,1,Umbara
2024-02-06 16:11:02,67,resistance_soldier,empire,8,6,5,10,Serenno
2024-02-06 16:11:01,68,unknown,resistance,10,10,9,7,Shili
2024-02-06 16:11:00,69,unknown,empire,5,1,5,4,Quermia
2024-02-06 16:10:59,70,tie_silencer,empire,4,7,10,5,Dagobah
2024-02-06 16:10:58,71,stormtrooper,resistance,9,4,10,7,Kashyyyk
2024-02-06 16:10:57,72,tie_silencer,empire,5,7,9,4,Malastare
2024-02-06 16:10:56,73,tie_fighter,empire,10,3,5,5,Muunilinst
2024-02-06 16:10:55,74,x-wing,resistance,5,8,6,3,Iridonia
2024-02-06 16:10:54,75,x-wing,resistance,5,8,4,6,Kashyyyk
2024-02-06 16:10:53,76,tie_silencer,resistance,3,10,1,8,Bestine IV
2024-02-06 16:10:52,77,unknown,resistance,3,4,9,9,Vulpter
2024-02-06 16:10:51,78,tie_silencer,resistance,3,2,7,9,Dathomir
2024-02-06 16:10:50,79,tie_fighter,empire,8,5,10,8,Stewjon
2024-02-06 16:10:49,80,x-wing,resistance,4,1,2,5,Kalee
2024-02-06 16:10:48,81,x-wing,empire,2,6,8,5,Toydaria
2024-02-06 16:10:47,82,tie_fighter,empire,10,1,9,10,Troiken
2024-02-06 16:10:46,83,resistance_soldier,empire,9,7,7,8,Stewjon
2024-02-06 16:10:45,84,at-at,empire,1,5,9,8,Tund
2024-02-06 16:10:44,85,at-st,resistance,8,3,7,1,Tholoth
2024-02-06 16:10:43,86,at-at,empire,9,4,9,5,Eriadu
2024-02-06 16:10:42,87,at-at,empire,10,3,6,9,Trandosha
2024-02-06 16:10:41,88,tie_silencer,empire,9,2,8,2,Shili
2024-02-06 16:10:40,89,resistance_soldier,empire,6,9,10,7,Stewjon
2024-02-06 16:10:39,90,at-st,resistance,4,10,4,4,Eriadu
2024-02-06 16:10:38,91,unknown,resistance,3,9,4,3,Bestine IV
2024-02-06 16:10:37,92,tie_silencer,empire,4,5,7,1,Glee Anselm
2024-02-06 16:10:36,93,tie_silencer,resistance,2,6,5,1,Eriadu
2024-02-06 16:10:35,94,stormtrooper,resistance,4,3,4,8,Tatooine
2024-02-06 16:10:34,95,tie_fighter,empire,10,1,10,9,Tholoth
2024-02-06 16:10:33,96,at-at,empire,2,8,10,3,Umbara
2024-02-06 16:10:32,97,x-wing,empire,5,4,2,7,Trandosha
2024-02-06 16:10:31,98,tie_fighter,empire,4,9,7,2,Malastare
2024-02-06 16:10:30,99,tie_fighter,resistance,4,1,5,4,Glee Anselm
2024-02-06 16:10:29,100,stormtrooper,empire,5,3,5,2,Serenno
2024-02-06 16:10:28,101,tie_silencer,resistance,6,2,6,7,Haruun Kal
2024-02-06 16:10:27,102,x-wing,resistance,10,3,6,1,Dorin
2024-02-06 16:10:26,103,x-wing,resistance,3,7,6,5,Mon Cala
2024-02-06 16:10:25,104,at-st,resistance,3,2,6,6,Troiken
2024-02-06 16:10:24,105,at-st,empire,4,4,8,7,Aleen Minor
2024-02-06 16:10:23,106,tie_silencer,empire,4,7,7,6,Iktotch
2024-02-06 16:10:22,107,stormtrooper,empire,8,7,4,7,Aleen Minor
2024-02-06 16:10:21,108,tie_silencer,resistance,4,4,4,5,Aleen Minor
2024-02-06 16:10:20,109,at-at,resistance,8,5,5,7,Chandrila
2024-02-06 16:10:19,110,unknown,resistance,2,9,1,3,Umbara
2024-02-06 16:10:18,111,unknown,resistance,2,3,8,8,Troiken
2024-02-06 16:10:17,112,x-wing,resistance,4,4,4,3,Umbara
2024-02-06 16:10:16,113,tie_silencer,resistance,8,2,5,6,Kashyyyk
2024-02-06 16:10:15,114,unknown,empire,5,1,7,1,Haruun Kal
2024-02-06 16:10:14,115,unknown,empire,7,7,7,6,Cerea
2024-02-06 16:10:13,116,resistance_soldier,empire,7,3,8,10,Serenno
2024-02-06 16:10:12,117,resistance_soldier,resistance,9,8,4,5,Mon Cala
2024-02-06 16:10:11,118,tie_fighter,resistance,3,8,4,8,Mon Cala
2024-02-06 16:10:10,119,unknown,resistance,6,1,5,8,Socorro
2024-02-06 16:10:09,120,resistance_soldier,resistance,4,3,7,1,Umbara
2024-02-06 16:10:08,121,x-wing,empire,4,7,3,1,Malastare
2024-02-06 16:10:07,122,x-wing,resistance,6,10,4,3,Glee Anselm
2024-02-06 16:10:06,123,tie_silencer,empire,6,4,2,2,Vulpter
2024-02-06 16:10:05,124,unknown,empire,3,3,1,6,Serenno
2024-02-06 16:10:04,125,x-wing,resistance,9,6,3,5,Ryloth
2024-02-06 16:10:03,126,stormtrooper,empire,10,3,8,3,Glee Anselm
2024-02-06 16:10:02,127,stormtrooper,resistance,5,5,5,10,Stewjon
2024-02-06 16:10:01,128,x-wing,resistance,9,4,5,8,Bestine IV
2024-02-06 16:10:00,129,unknown,resistance,8,9,7,7,Kashyyyk
2024-02-06 16:09:59,130,resistance_soldier,resistance,4,3,2,9,Iktotch
2024-02-06 16:09:58,131,tie_fighter,empire,3,2,1,8,Serenno
2024-02-06 16:09:57,132,tie_silencer,empire,6,8,7,2,Aleen Minor
2024-02-06 16:09:56,133,tie_fighter,empire,9,9,8,8,Skako
2024-02-06 16:09:55,134,unknown,resistance,7,6,10,1,Ryloth
2024-02-06 16:09:54,135,unknown,resistance,2,1,3,8,Champala
2024-02-06 16:09:53,136,at-st,empire,10,9,2,7,Naboo
2024-02-06 16:09:52,137,stormtrooper,resistance,3,1,3,9,Zolan
2024-02-06 16:09:51,138,stormtrooper,empire,7,1,9,6,Champala
2024-02-06 16:09:50,139,stormtrooper,empire,5,4,2,2,Trandosha
2024-02-06 16:09:49,140,at-at,empire,7,2,1,4,Corellia
2024-02-06 16:09:48,141,unknown,empire,4,9,3,4,Socorro
2024-02-06 16:09:47,142,at-st,empire,5,4,10,8,Toydaria
2024-02-06 16:09:46,143,at-at,empire,2,7,9,6,Dagobah
2024-02-06 16:09:45,144,at-at,resistance,1,4,5,4,Trandosha
2024-02-06 16:09:44,145,stormtrooper,resistance,10,4,5,4,Umbara
2024-02-06 16:09:43,146,x-wing,empire,4,3,9,5,Haruun Kal
2024-02-06 16:09:42,147,stormtrooper,empire,1,1,4,7,Bestine IV
2024-02-06 16:09:41,148,tie_fighter,empire,6,5,8,4,Serenno
2024-02-06 16:09:40,149,at-st,resistance,9,6,3,10,Malastare
2024-02-06 16:09:39,150,stormtrooper,resistance,10,1,3,4,Socorro
2024-02-06 16:09:38,151,tie_silencer,empire,2,2,8,9,Bestine IV
2024-02-06 16:09:37,152,stormtrooper,resistance,4,4,1,6,Iktotch
2024-02-06 16:09:36,153,tie_silencer,empire,7,1,1,6,Toydaria
2024-02-06 16:09:35,154,resistance_soldier,resistance,2,4,2,4,Naboo
2024-02-06 16:09:34,155,unknown,empire,5,3,1,7,Chandrila
2024-02-06 16:09:33,156,at-at,empire,7,6,6,7,Kalee
2024-02-06 16:09:32,157,tie_fighter,empire,1,5,3,2,Umbara
2024-02-06 16:09:31,158,at-st,empire,7,2,6,4,Corellia
2024-02-06 16:09:30,159,stormtrooper,empire,8,3,9,5,Umbara
2024-02-06 16:09:29,160,x-wing,resistance,7,1,10,8,Toydaria
2024-02-06 16:09:28,161,tie_fighter,empire,5,9,1,5,Kashyyyk
2024-02-06 16:09:27,162,unknown,empire,2,10,8,1,Dorin
2024-02-06 16:09:26,163,tie_fighter,resistance,6,4,8,5,Naboo
2024-02-06 16:09:25,164,tie_silencer,empire,9,8,2,5,Concord Dawn
2024-02-06 16:09:24,165,tie_silencer,resistance,3,3,7,10,Dagobah
2024-02-06 16:09:23,166,unknown,empire,3,8,8,3,Cerea
2024-02-06 16:09:22,167,stormtrooper,resistance,10,9,5,8,Ryloth
2024-02-06 16:09:21,168,unknown,empire,5,4,5,9,Mirial
2024-02-06 16:09:20,169,tie_fighter,resistance,1,9,7,6,Haruun Kal
2024-02-06 16:09:19,170,unknown,resistance,9,3,7,6,Glee Anselm
2024-02-06 16:09:18,171,stormtrooper,resistance,3,4,7,9,Champala
2024-02-06 16:09:17,172,resistance_soldier,resistance,2,6,6,7,Skako
2024-02-06 16:09:16,173,tie_fighter,empire,8,7,1,5,Quermia
2024-02-06 16:09:15,174,stormtrooper,resistance,7,10,9,2,Troiken
2024-02-06 16:09:14,175,at-at,resistance,5,3,5,5,Sullust
2024-02-06 16:09:13,176,unknown,resistance,2,4,6,9,Shili
2024-02-06 16:09:12,177,at-st,empire,7,9,6,6,Dagobah
2024-02-06 16:09:11,178,resistance_soldier,resistance,5,4,6,2,Ojom
2024-02-06 16:09:10,179,resistance_soldier,empire,10,4,2,5,Trandosha
2024-02-06 16:09:09,180,at-at,resistance,5,7,10,2,Vulpter
2024-02-06 16:09:08,181,at-at,empire,4,5,3,4,Zolan
2024-02-06 16:09:07,182,at-st,resistance,4,3,7,10,Mon Cala
2024-02-06 16:09:06,183,tie_silencer,empire,5,4,4,9,Malastare
2024-02-06 16:09:05,184,at-st,empire,9,4,9,3,Zolan
2024-02-06 16:09:04,185,tie_fighter,resistance,10,4,1,8,Cerea
2024-02-06 16:09:03,186,tie_fighter,resistance,6,7,7,4,Kalee
2024-02-06 16:09:02,187,tie_fighter,empire,3,2,7,9,Toydaria
2024-02-06 16:09:01,188,at-at,resistance,7,6,1,1,Trandosha
2024-02-06 16:09:00,189,at-st,empire,5,4,6,9,Iktotch
2024-02-06 16:08:59,190,at-st,resistance,9,8,4,2,Sullust
2024-02-06 16:08:58,191,at-at,resistance,8,5,6,5,Rodia
2024-02-06 16:08:57,192,unknown,resistance,6,10,7,2,Sullust
2024-02-06 16:08:56,193,at-at,empire,8,8,2,7,Troiken
2024-02-06 16:08:55,194,at-st,empire,10,1,2,6,Malastare
2024-02-06 16:08:54,195,at-st,resistance,6,10,6,3,Socorro
2024-02-06 16:08:53,196,tie_silencer,resistance,2,3,8,10,Socorro
2024-02-06 16:08:52,197,at-st,resistance,10,5,8,7,Naboo
2024-02-06 16:08:51,198,at-st,resistance,1,9,6,10,Champala
2024-02-06 16:08:50,199,resistance_soldier,resistance,9,1,8,8,Alderaan
2024-02-06 16:08:49,200,at-st,resistance,3,9,8,3,Naboo
2024-02-06 16:08:48,201,tie_silencer,empire,4,5,4,5,Concord Dawn
2024-02-06 16:08:47,202,at-st,resistance,4,2,7,3,Tholoth
2024-02-06 16:08:46,203,resistance_soldier,resistance,6,9,1,9,Dorin
2024-02-06 16:08:45,204,tie_fighter,resistance,3,2,5,6,Cerea
2024-02-06 16:08:44,205,stormtrooper,resistance,6,1,7,5,Alderaan
2024-02-06 16:08:43,206,at-at,resistance,2,8,9,6,Ryloth
2024-02-06 16:08:42,207,resistance_soldier,empire,7,8,5,9,Iktotch
2024-02-06 16:08:41,208,at-st,empire,9,4,3,9,Dagobah
2024-02-06 16:08:40,209,tie_fighter,resistance,4,8,5,1,Trandosha
2024-02-06 16:08:39,210,stormtrooper,resistance,9,6,4,1,Dathomir
2024-02-06 16:08:38,211,tie_silencer,empire,2,8,7,8,Bestine IV
2024-02-06 16:08:37,212,at-st,resistance,7,7,3,9,Zolan
2024-02-06 16:08:36,213,stormtrooper,resistance,2,5,6,1,Rodia
2024-02-06 16:08:35,214,at-at,empire,7,6,10,7,Kalee
2024-02-06 16:08:34,215,x-wing,resistance,7,7,9,1,Dorin
2024-02-06 16:08:33,216,resistance_soldier,empire,3,5,7,10,Glee Anselm
2024-02-06 16:08:32,217,resistance_soldier,resistance,9,3,3,10,Shili
2024-02-06 16:08:31,218,at-at,resistance,6,8,9,3,Haruun Kal
2024-02-06 16:08:30,219,at-st,resistance,8,1,10,3,Bestine IV
2024-02-06 16:08:29,220,tie_fighter,resistance,1,2,9,10,Dathomir
2024-02-06 16:08:28,221,x-wing,resistance,6,3,1,10,Iktotch
2024-02-06 16:08:27,222,stormtrooper,empire,2,6,7,4,Chandrila
2024-02-06 16:08:26,223,stormtrooper,resistance,4,6,2,2,Mon Cala
2024-02-06 16:08:25,224,x-wing,empire,5,1,4,1,Zolan
2024-02-06 16:08:24,225,at-at,empire,9,9,8,6,Dagobah
2024-02-06 16:08:23,226,tie_fighter,empire,10,5,10,8,Serenno
2024-02-06 16:08:22,227,stormtrooper,resistance,7,9,1,10,Champala
2024-02-06 16:08:21,228,at-st,resistance,9,3,8,1,Rodia
2024-02-06 16:08:20,229,stormtrooper,empire,6,1,4,8,Kashyyyk
2024-02-06 16:08:19,230,stormtrooper,empire,3,4,7,5,Shili
2024-02-06 16:08:18,231,unknown,empire,9,4,9,10,Chandrila
2024-02-06 16:08:17,232,tie_silencer,empire,4,3,8,1,Ojom
2024-02-06 16:08:16,233,stormtrooper,empire,9,9,8,9,Ryloth
2024-02-06 16:08:15,234,at-st,empire,4,1,6,5,Quermia
2024-02-06 16:08:14,235,at-st,empire,1,1,3,5,Skako
2024-02-06 16:08:13,236,at-at,empire,4,10,8,3,Tholoth
2024-02-06 16:08:12,237,at-at,empire,4,1,8,7,Muunilinst
2024-02-06 16:08:11,238,tie_silencer,resistance,9,6,8,10,Dorin
2024-02-06 16:08:10,239,at-st,empire,6,4,3,6,Muunilinst
2024-02-06 16:08:09,240,tie_silencer,empire,7,9,5,10,Aleen Minor
2024-02-06 16:08:08,241,resistance_soldier,resistance,2,9,10,7,Vulpter
2024-02-06 16:08:07,242,at-st,resistance,6,1,4,5,Champala
2024-02-06 16:08:06,243,stormtrooper,empire,6,6,8,6,Quermia
2024-02-06 16:08:05,244,tie_fighter,resistance,7,4,8,8,Vulpter
2024-02-06 16:08:04,245,at-st,resistance,1,6,3,8,Cerea
2024-02-06 16:08:03,246,at-st,resistance,9,3,3,4,Iridonia
2024-02-06 16:08:02,247,tie_silencer,empire,6,1,8,8,Tund
2024-02-06 16:08:01,248,tie_fighter,empire,8,6,2,6,Mirial
2024-02-06 16:08:00,249,tie_silencer,resistance,8,2,3,1,Dathomir
2024-02-06 16:07:59,250,at-at,empire,3,5,8,4,Dorin
2024-02-06 16:07:58,251,stormtrooper,resistance,2,7,4,1,Umbara
2024-02-06 16:07:57,252,x-wing,empire,7,1,7,9,Malastare
2024-02-06 16:07:56,253,x-wing,empire,10,2,10,7,Rodia
2024-02-06 16:07:55,254,x-wing,empire,8,2,8,3,Quermia
2024-02-06 16:07:54,255,x-wing,empire,10,3,1,7,Stewjon
2024-02-06 16:07:53,256,stormtrooper,resistance,10,9,3,2,Ojom
2024-02-06 16:07:52,257,at-at,empire,7,9,9,3,Mirial
2024-02-06 16:07:51,258,at-st,resistance,4,3,1,3,Naboo
2024-02-06 16:07:50,259,tie_silencer,resistance,4,5,4,3,Trandosha
2024-02-06 16:07:49,260,unknown,empire,4,8,4,3,Kalee
2024-02-06 16:07:48,261,at-st,empire,7,9,9,7,Ojom
2024-02-06 16:07:47,262,at-st,resistance,2,9,6,5,Kashyyyk
2024-02-06 16:07:46,263,at-st,resistance,1,5,8,1,Mirial
2024-02-06 16:07:45,264,resistance_soldier,resistance,1,7,5,4,Chandrila
2024-02-06 16:07:44,265,unknown,empire,5,5,3,3,Skako
2024-02-06 16:07:43,266,at-at,empire,9,7,8,4,Stewjon
2024-02-06 16:07:42,267,tie_silencer,empire,1,3,3,8,Rodia
2024-02-06 16:07:41,268,tie_fighter,resistance,1,8,1,1,Mon Cala
2024-02-06 16:07:40,269,x-wing,empire,7,3,4,2,Muunilinst
2024-02-06 16:07:39,270,unknown,resistance,10,1,5,4,Chandrila
2024-02-06 16:07:38,271,unknown,empire,3,8,2,10,Dagobah
2024-02-06 16:07:37,272,stormtrooper,resistance,4,1,4,3,Sullust
2024-02-06 16:07:36,273,at-st,empire,4,7,1,6,Glee Anselm
2024-02-06 16:07:35,274,tie_fighter,empire,5,7,5,2,Eriadu
2024-02-06 16:07:34,275,tie_silencer,empire,9,8,9,4,Stewjon
2024-02-06 16:07:33,276,tie_fighter,empire,10,4,7,5,Haruun Kal
2024-02-06 16:07:32,277,tie_silencer,empire,6,3,4,5,Bestine IV
2024-02-06 16:07:31,278,x-wing,empire,7,9,4,3,Trandosha
2024-02-06 16:07:30,279,unknown,resistance,5,2,8,6,Ryloth
2024-02-06 16:07:29,280,at-at,empire,5,4,9,10,Umbara
2024-02-06 16:07:28,281,at-at,empire,2,1,4,8,Dagobah
2024-02-06 16:07:27,282,resistance_soldier,empire,1,2,3,1,Troiken
2024-02-06 16:07:26,283,resistance_soldier,empire,7,6,3,5,Tholoth
2024-02-06 16:07:25,284,tie_fighter,empire,4,9,6,8,Aleen Minor
2024-02-06 16:07:24,285,stormtrooper,resistance,1,6,2,4,Alderaan
2024-02-06 16:07:23,286,tie_fighter,resistance,2,10,1,2,Mirial
2024-02-06 16:07:22,287,tie_fighter,resistance,5,4,10,6,Tatooine
2024-02-06 16:07:21,288,unknown,empire,7,3,3,4,Troiken
2024-02-06 16:07:20,289,tie_fighter,empire,4,7,8,1,Aleen Minor
2024-02-06 16:07:19,290,resistance_soldier,resistance,8,1,10,9,Rodia
2024-02-06 16:07:18,291,unknown,empire,6,3,2,1,Rodia
2024-02-06 16:07:17,292,at-at,resistance,6,4,2,7,Chandrila
2024-02-06 16:07:16,293,at-st,empire,10,1,8,2,Malastare
2024-02-06 16:07:15,294,tie_silencer,resistance,5,5,3,8,Sullust
2024-02-06 16:07:14,295,tie_silencer,resistance,8,3,6,6,Cerea
2024-02-06 16:07:13,296,tie_silencer,empire,4,10,5,7,Shili
2024-02-06 16:07:12,297,unknown,resistance,2,3,2,10,Dathomir
2024-02-06 16:07:11,298,at-st,resistance,1,4,7,7,Mon Cala
2024-02-06 16:07:10,299,x-wing,resistance,2,9,1,10,Zolan
2024-02-06 16:07:09,300,unknown,empire,1,2,9,10,Dorin
2024-02-06 16:07:08,301,tie_silencer,resistance,8,10,9,3,Quermia
2024-02-06 16:07:07,302,tie_fighter,resistance,2,9,5,5,Mon Cala
2024-02-06 16:07:06,303,resistance_soldier,resistance,1,8,6,1,Naboo
2024-02-06 16:07:05,304,tie_silencer,empire,2,1,5,1,Corellia
2024-02-06 16:07:04,305,stormtrooper,empire,10,4,10,9,Cerea
2024-02-06 16:07:03,306,tie_silencer,empire,9,6,6,1,Dorin
2024-02-06 16:07:02,307,at-st,resistance,1,5,3,2,Mirial
2024-02-06 16:07:01,308,stormtrooper,resistance,8,3,1,6,Glee Anselm
2024-02-06 16:07:00,309,x-wing,resistance,7,6,9,5,Tatooine
2024-02-06 16:06:59,310,at-at,resistance,6,2,4,7,Rodia
2024-02-06 16:06:58,311,tie_silencer,empire,8,5,6,1,Dorin
2024-02-06 16:06:57,312,stormtrooper,resistance,9,6,9,10,Vulpter
2024-02-06 16:06:56,313,tie_silencer,resistance,4,7,8,6,Muunilinst
2024-02-06 16:06:55,314,at-at,resistance,10,5,7,6,Kalee
2024-02-06 16:06:54,315,at-st,resistance,7,3,10,4,Haruun Kal
2024-02-06 16:06:53,316,tie_fighter,resistance,1,7,10,7,Shili
2024-02-06 16:06:52,317,at-at,resistance,4,3,9,7,Naboo
2024-02-06 16:06:51,318,at-at,empire,3,5,1,8,Corellia
2024-02-06 16:06:50,319,at-at,resistance,4,5,10,9,Kashyyyk
2024-02-06 16:06:49,320,at-st,resistance,8,9,1,6,Troiken
2024-02-06 16:06:48,321,at-st,empire,1,3,8,6,Bestine IV
2024-02-06 16:06:47,322,x-wing,resistance,6,7,2,7,Iridonia
2024-02-06 16:06:46,323,at-st,empire,3,3,7,3,Quermia
2024-02-06 16:06:45,324,tie_fighter,resistance,9,7,8,5,Mirial
2024-02-06 16:06:44,325,x-wing,empire,1,6,10,7,Vulpter
2024-02-06 16:06:43,326,tie_fighter,empire,2,7,8,6,Eriadu
2024-02-06 16:06:42,327,resistance_soldier,empire,10,2,7,3,Ojom
2024-02-06 16:06:41,328,unknown,empire,5,3,4,2,Dorin
2024-02-06 16:06:40,329,tie_silencer,resistance,2,6,10,1,Zolan
2024-02-06 16:06:39,330,x-wing,empire,2,9,8,10,Dorin
2024-02-06 16:06:38,331,at-st,empire,1,10,10,10,Trandosha
2024-02-06 16:06:37,332,resistance_soldier,empire,2,3,8,10,Glee Anselm
2024-02-06 16:06:36,333,at-at,empire,8,7,3,8,Concord Dawn
2024-02-06 16:06:35,334,x-wing,empire,2,3,8,7,Iktotch
2024-02-06 16:06:34,335,tie_silencer,resistance,3,5,6,5,Mon Cala
2024-02-06 16:06:33,336,tie_fighter,resistance,9,4,6,1,Socorro
2024-02-06 16:06:32,337,stormtrooper,empire,1,6,9,6,Champala
2024-02-06 16:06:31,338,tie_silencer,resistance,9,5,4,5,Ojom
2024-02-06 16:06:30,339,at-at,resistance,4,3,8,5,Trandosha
2024-02-06 16:06:29,340,tie_silencer,empire,7,2,10,2,Malastare
2024-02-06 16:06:28,341,tie_silencer,resistance,1,6,8,7,Tatooine
2024-02-06 16:06:27,342,stormtrooper,empire,8,10,9,4,Toydaria
2024-02-06 16:06:26,343,at-st,resistance,4,3,7,7,Champala
2024-02-06 16:06:25,344,at-at,resistance,8,4,1,5,Kashyyyk
2024-02-06 16:06:24,345,at-st,empire,9,9,4,1,Bestine IV
2024-02-06 16:06:23,346,at-st,empire,7,10,6,3,Stewjon
2024-02-06 16:06:22,347,tie_silencer,resistance,7,9,6,4,Haruun Kal
2024-02-06 16:06:21,348,at-at,resistance,5,8,2,6,Zolan
2024-02-06 16:06:20,349,at-st,empire,2,1,8,7,Haruun Kal
2024-02-06 16:06:19,350,tie_silencer,empire,10,5,3,4,Rodia
2024-02-06 16:06:18,351,tie_fighter,empire,10,10,5,3,Tund
2024-02-06 16:06:17,352,tie_silencer,resistance,4,5,4,8,Alderaan
2024-02-06 16:06:16,353,at-at,resistance,6,4,9,4,Ryloth
2024-02-06 16:06:15,354,at-st,empire,8,8,6,2,Mirial
2024-02-06 16:06:14,355,stormtrooper,empire,4,2,1,1,Toydaria
2024-02-06 16:06:13,356,tie_silencer,resistance,2,8,7,1,Trandosha
2024-02-06 16:06:12,357,unknown,resistance,8,2,4,8,Cerea
2024-02-06 16:06:11,358,tie_silencer,empire,10,10,7,2,Tund
2024-02-06 16:06:10,359,at-at,empire,7,7,1,9,Iktotch
2024-02-06 16:06:09,360,at-at,empire,1,8,7,5,Ojom
2024-02-06 16:06:08,361,resistance_soldier,empire,1,1,1,1,Kalee
2024-02-06 16:06:07,362,resistance_soldier,empire,5,8,1,8,Skako
2024-02-06 16:06:06,363,at-at,empire,8,10,6,6,Malastare
2024-02-06 16:06:05,364,at-at,empire,2,7,10,6,Tholoth
2024-02-06 16:06:04,365,x-wing,empire,6,4,5,7,Aleen Minor
2024-02-06 16:06:03,366,resistance_soldier,resistance,9,5,9,7,Ojom
2024-02-06 16:06:02,367,at-st,resistance,10,8,9,3,Shili
2024-02-06 16:06:01,368,at-at,resistance,4,4,10,3,Glee Anselm
2024-02-06 16:06:00,369,tie_silencer,resistance,2,9,4,2,Alderaan
2024-02-06 16:05:59,370,unknown,empire,5,7,5,10,Corellia
2024-02-06 16:05:58,371,x-wing,resistance,2,1,3,7,Troiken
2024-02-06 16:05:57,372,tie_silencer,resistance,10,10,4,4,Umbara
2024-02-06 16:05:56,373,stormtrooper,resistance,1,9,8,4,Haruun Kal
2024-02-06 16:05:55,374,at-st,resistance,1,3,1,10,Cerea
2024-02-06 16:05:54,375,x-wing,resistance,9,1,4,1,Rodia
2024-02-06 16:05:53,376,tie_fighter,resistance,1,10,9,5,Dathomir
2024-02-06 16:05:52,377,x-wing,empire,6,4,4,7,Corellia
2024-02-06 16:05:51,378,stormtrooper,resistance,9,4,4,7,Umbara
2024-02-06 16:05:50,379,at-at,resistance,8,10,6,9,Ojom
2024-02-06 16:05:49,380,at-st,empire,7,10,5,7,Muunilinst
2024-02-06 16:05:48,381,unknown,resistance,2,3,8,2,Ryloth
2024-02-06 16:05:47,382,tie_fighter,empire,6,9,10,4,Corellia
2024-02-06 16:05:46,383,tie_fighter,resistance,4,8,3,10,Tatooine
2024-02-06 16:05:45,384,resistance_soldier,resistance,7,6,1,10,Umbara
2024-02-06 16:05:44,385,unknown,empire,9,8,6,7,Troiken
2024-02-06 16:05:43,386,at-at,resistance,1,6,9,10,Chandrila
2024-02-06 16:05:42,387,tie_silencer,empire,4,8,3,3,Serenno
2024-02-06 16:05:41,388,unknown,resistance,5,4,2,2,Ryloth
2024-02-06 16:05:40,389,at-at,empire,4,7,7,2,Muunilinst
2024-02-06 16:05:39,390,at-st,resistance,5,9,5,8,Umbara
2024-02-06 16:05:38,391,unknown,empire,3,7,7,1,Dagobah
2024-02-06 16:05:37,392,tie_silencer,empire,8,2,1,6,Tholoth
2024-02-06 16:05:36,393,x-wing,resistance,3,3,10,5,Eriadu
2024-02-06 16:05:35,394,x-wing,resistance,7,9,1,4,Vulpter
2024-02-06 16:05:34,395,tie_fighter,empire,8,2,10,1,Toydaria
2024-02-06 16:05:33,396,resistance_soldier,resistance,2,5,2,5,Troiken
2024-02-06 16:05:32,397,unknown,empire,9,6,1,1,Toydaria
2024-02-06 16:05:31,398,at-st,empire,1,4,1,6,Serenno
2024-02-06 16:05:30,399,at-at,resistance,1,5,5,4,Trandosha
2024-02-06 16:05:29,400,at-st,empire,2,3,8,2,Malastare
2024-02-06 16:05:28,401,at-at,empire,1,4,3,6,Cerea
2024-02-06 16:05:27,402,at-at,empire,10,9,6,7,Eriadu
2024-02-06 16:05:26,403,at-at,empire,7,5,2,1,Serenno
2024-02-06 16:05:25,404,resistance_soldier,empire,10,2,4,1,Serenno
2024-02-06 16:05:24,405,stormtrooper,resistance,2,2,3,8,Trandosha
2024-02-06 16:05:23,406,tie_fighter,resistance,1,2,7,4,Haruun Kal
2024-02-06 16:05:22,407,stormtrooper,empire,3,4,9,4,Ojom
2024-02-06 16:05:21,408,tie_silencer,resistance,9,1,4,6,Rodia
2024-02-06 16:05:20,409,unknown,empire,10,9,3,3,Concord Dawn
2024-02-06 16:05:19,410,tie_fighter,resistance,8,3,5,4,Bestine IV
2024-02-06 16:05:18,411,x-wing,resistance,5,5,6,2,Shili
2024-02-06 16:05:17,412,tie_fighter,empire,1,5,5,8,Naboo
2024-02-06 16:05:16,413,unknown,resistance,6,7,9,2,Ojom
2024-02-06 16:05:15,414,at-at,resistance,4,7,1,8,Zolan
2024-02-06 16:05:14,415,at-st,empire,8,5,3,7,Aleen Minor
2024-02-06 16:05:13,416,at-at,resistance,4,3,3,7,Quermia
2024-02-06 16:05:12,417,unknown,resistance,3,1,8,10,Aleen Minor
2024-02-06 16:05:11,418,at-st,resistance,4,5,4,8,Vulpter
2024-02-06 16:05:10,419,at-st,resistance,1,8,7,9,Dagobah
2024-02-06 16:05:09,420,tie_fighter,resistance,6,2,5,9,Shili
2024-02-06 16:05:08,421,at-st,resistance,5,3,1,6,Rodia
2024-02-06 16:05:07,422,resistance_soldier,resistance,3,6,3,6,Chandrila
2024-02-06 16:05:06,423,resistance_soldier,empire,2,4,9,4,Corellia
2024-02-06 16:05:05,424,stormtrooper,resistance,6,7,8,7,Bestine IV
2024-02-06 16:05:04,425,resistance_soldier,resistance,5,10,8,10,Quermia
2024-02-06 16:05:03,426,tie_fighter,empire,2,5,9,10,Ojom
2024-02-06 16:05:02,427,tie_fighter,resistance,3,1,5,5,Ojom
2024-02-06 16:05:01,428,tie_silencer,resistance,1,8,3,1,Kashyyyk
2024-02-06 16:05:00,429,tie_silencer,resistance,3,7,5,3,Iridonia
2024-02-06 16:04:59,430,at-st,empire,9,5,7,6,Rodia
2024-02-06 16:04:58,431,unknown,empire,1,2,2,5,Malastare
2024-02-06 16:04:57,432,x-wing,empire,9,10,9,5,Quermia
2024-02-06 16:04:56,433,at-st,empire,8,6,9,6,Corellia
2024-02-06 16:04:55,434,stormtrooper,resistance,6,6,5,9,Chandrila
2024-02-06 16:04:54,435,at-at,empire,3,3,6,9,Aleen Minor
2024-02-06 16:04:53,436,at-st,empire,3,7,2,7,Tatooine
2024-02-06 16:04:52,437,at-at,resistance,3,8,2,5,Skako
2024-02-06 16:04:51,438,tie_fighter,resistance,10,7,8,10,Malastare
2024-02-06 16:04:50,439,at-at,resistance,5,7,5,7,Bestine IV
2024-02-06 16:04:49,440,tie_fighter,resistance,8,9,6,1,Aleen Minor
2024-02-06 16:04:48,441,x-wing,empire,10,7,2,2,Concord Dawn
2024-02-06 16:04:47,442,resistance_soldier,empire,7,8,5,8,Quermia
2024-02-06 16:04:46,443,x-wing,resistance,3,8,1,9,Concord Dawn
2024-02-06 16:04:45,444,resistance_soldier,empire,8,9,6,8,Troiken
2024-02-06 16:04:44,445,at-st,resistance,6,5,10,2,Umbara
2024-02-06 16:04:43,446,at-st,empire,2,5,7,10,Rodia
2024-02-06 16:04:42,447,tie_fighter,resistance,7,9,9,4,Alderaan
2024-02-06 16:04:41,448,x-wing,resistance,7,4,1,5,Alderaan
2024-02-06 16:04:40,449,tie_silencer,empire,7,4,3,4,Malastare
2024-02-06 16:04:39,450,x-wing,resistance,5,7,3,9,Kashyyyk
2024-02-06 16:04:38,451,stormtrooper,empire,3,10,7,7,Naboo
2024-02-06 16:04:37,452,at-at,empire,9,10,6,6,Skako
2024-02-06 16:04:36,453,resistance_soldier,resistance,10,5,6,8,Shili
2024-02-06 16:04:35,454,at-st,resistance,3,3,4,4,Dagobah
2024-02-06 16:04:34,455,stormtrooper,resistance,9,7,8,1,Chandrila
2024-02-06 16:04:33,456,stormtrooper,empire,2,4,1,6,Muunilinst
2024-02-06 16:04:32,457,x-wing,empire,1,4,10,6,Malastare
2024-02-06 16:04:31,458,at-at,empire,3,5,4,6,Dagobah
2024-02-06 16:04:30,459,at-st,resistance,6,4,10,10,Rodia
2024-02-06 16:04:29,460,tie_fighter,empire,1,10,3,2,Dagobah
2024-02-06 16:04:28,461,at-st,resistance,5,8,5,4,Kashyyyk
2024-02-06 16:04:27,462,unknown,resistance,1,6,10,4,Alderaan
2024-02-06 16:04:26,463,stormtrooper,empire,8,9,6,10,Muunilinst
2024-02-06 16:04:25,464,tie_silencer,empire,9,1,10,1,Umbara
2024-02-06 16:04:24,465,at-st,empire,8,5,5,9,Corellia
2024-02-06 16:04:23,466,resistance_soldier,empire,8,10,2,3,Cerea
2024-02-06 16:04:22,467,unknown,resistance,3,9,5,8,Zolan
2024-02-06 16:04:21,468,resistance_soldier,empire,4,9,3,3,Tholoth
2024-02-06 16:04:20,469,tie_fighter,empire,8,6,1,7,Iktotch
2024-02-06 16:04:19,470,unknown,empire,9,2,2,3,Malastare
2024-02-06 16:04:18,471,tie_fighter,empire,1,8,2,10,Dorin
2024-02-06 16:04:17,472,at-at,empire,6,3,6,1,Toydaria
2024-02-06 16:04:16,473,unknown,resistance,9,8,5,2,Alderaan
2024-02-06 16:04:15,474,at-st,resistance,10,6,1,7,Iridonia
2024-02-06 16:04:14,475,stormtrooper,empire,8,3,1,2,Mon Cala
2024-02-06 16:04:13,476,tie_fighter,empire,5,3,7,3,Corellia
2024-02-06 16:04:12,477,stormtrooper,resistance,9,4,3,6,Tholoth
2024-02-06 16:04:11,478,at-st,resistance,8,3,2,10,Shili
2024-02-06 16:04:10,479,tie_silencer,empire,6,1,5,3,Concord Dawn
2024-02-06 16:04:09,480,x-wing,empire,5,3,4,9,Concord Dawn
2024-02-06 16:04:08,481,unknown,resistance,2,3,2,8,Naboo
2024-02-06 16:04:07,482,tie_fighter,empire,8,3,5,9,Vulpter
2024-02-06 16:04:06,483,x-wing,resistance,8,3,9,9,Kashyyyk
2024-02-06 16:04:05,484,at-st,resistance,7,4,1,7,Quermia
2024-02-06 16:04:04,485,at-st,resistance,2,7,2,7,Alderaan
2024-02-06 16:04:03,486,tie_silencer,resistance,8,5,4,5,Alderaan
2024-02-06 16:04:02,487,tie_silencer,resistance,6,6,2,4,Tatooine
2024-02-06 16:04:01,488,stormtrooper,resistance,5,5,7,3,Troiken
2024-02-06 16:04:00,489,tie_silencer,empire,7,1,2,5,Glee Anselm
2024-02-06 16:03:59,490,at-at,resistance,10,5,8,7,Ryloth
2024-02-06 16:03:58,491,tie_fighter,empire,9,10,3,9,Haruun Kal
2024-02-06 16:03:57,492,x-wing,empire,9,2,1,8,Cerea
2024-02-06 16:03:56,493,tie_fighter,resistance,8,10,6,1,Ryloth
2024-02-06 16:03:55,494,stormtrooper,empire,1,1,5,2,Toydaria
2024-02-06 16:03:54,495,tie_fighter,resistance,10,3,9,8,Skako
2024-02-06 16:03:53,496,at-st,resistance,6,6,7,5,Haruun Kal
2024-02-06 16:03:52,497,tie_fighter,empire,10,3,5,2,Eriadu
2024-02-06 16:03:51,498,resistance_soldier,resistance,10,7,9,8,Bestine IV
2024-02-06 16:03:50,499,at-at,empire,9,7,5,7,Vulpter
2024-02-06 16:03:49,500,resistance_soldier,resistance,4,1,8,8,Muunilinst
2024-02-06 16:03:48,501,at-st,resistance,3,8,5,4,Haruun Kal
2024-02-06 16:03:47,502,tie_silencer,empire,4,6,2,5,Naboo
2024-02-06 16:03:46,503,stormtrooper,empire,5,3,5,5,Tholoth
2024-02-06 16:03:45,504,at-at,empire,5,9,3,6,Aleen Minor
2024-02-06 16:03:44,505,unknown,resistance,4,3,3,1,Glee Anselm
2024-02-06 16:03:43,506,resistance_soldier,resistance,8,8,7,7,Iridonia
2024-02-06 16:03:42,507,resistance_soldier,empire,1,4,3,3,Concord Dawn
2024-02-06 16:03:41,508,stormtrooper,resistance,7,2,8,5,Ryloth
2024-02-06 16:03:40,509,at-st,resistance,5,4,4,8,Umbara
2024-02-06 16:03:39,510,at-st,resistance,9,3,7,9,Mirial
2024-02-06 16:03:38,511,stormtrooper,empire,2,3,10,10,Kalee
2024-02-06 16:03:37,512,unknown,resistance,3,1,8,7,Socorro
2024-02-06 16:03:36,513,x-wing,resistance,4,8,5,2,Champala
2024-02-06 16:03:35,514,tie_fighter,empire,1,9,3,6,Stewjon
2024-02-06 16:03:34,515,x-wing,empire,5,7,8,9,Bestine IV
2024-02-06 16:03:33,516,at-at,empire,8,9,3,8,Kalee
2024-02-06 16:03:32,517,tie_silencer,resistance,10,6,7,8,Quermia
2024-02-06 16:03:31,518,tie_silencer,resistance,5,7,9,10,Iridonia
2024-02-06 16:03:30,519,at-at,resistance,10,1,6,1,Dorin
2024-02-06 16:03:29,520,at-st,empire,6,8,7,3,Tund
2024-02-06 16:03:28,521,at-st,resistance,9,1,10,4,Kalee
2024-02-06 16:03:27,522,at-st,resistance,4,6,3,2,Socorro
2024-02-06 16:03:26,523,at-at,resistance,10,4,7,6,Dathomir
2024-02-06 16:03:25,524,resistance_soldier,empire,1,10,9,10,Tund
2024-02-06 16:03:24,525,at-st,resistance,10,3,7,3,Sullust
2024-02-06 16:03:23,526,unknown,resistance,1,1,1,2,Glee Anselm
2024-02-06 16:03:22,527,at-st,resistance,10,2,5,4,Mon Cala
2024-02-06 16:03:21,528,at-at,resistance,10,6,4,9,Mon Cala
2024-02-06 16:03:20,529,at-at,resistance,6,9,9,7,Mon Cala
2024-02-06 16:03:19,530,tie_fighter,resistance,10,6,7,1,Tund
2024-02-06 16:03:18,531,x-wing,resistance,5,4,2,2,Iktotch
2024-02-06 16:03:17,532,at-st,empire,10,6,6,3,Kalee
2024-02-06 16:03:16,533,x-wing,empire,9,3,1,10,Toydaria
2024-02-06 16:03:15,534,stormtrooper,resistance,1,9,8,4,Vulpter
2024-02-06 16:03:14,535,resistance_soldier,resistance,8,8,8,4,Aleen Minor
2024-02-06 16:03:13,536,resistance_soldier,empire,4,8,7,5,Eriadu
2024-02-06 16:03:12,537,resistance_soldier,empire,7,10,2,2,Serenno
2024-02-06 16:03:11,538,x-wing,resistance,1,9,2,1,Ryloth
2024-02-06 16:03:10,539,tie_fighter,empire,10,8,6,2,Ojom
2024-02-06 16:03:09,540,tie_fighter,empire,10,7,7,8,Mirial
2024-02-06 16:03:08,541,stormtrooper,resistance,4,2,5,1,Quermia
2024-02-06 16:03:07,542,x-wing,resistance,1,9,7,6,Haruun Kal
2024-02-06 16:03:06,543,at-at,empire,4,6,3,10,Corellia
2024-02-06 16:03:05,544,x-wing,resistance,9,4,5,8,Ryloth
2024-02-06 16:03:04,545,unknown,empire,8,5,2,10,Kalee
2024-02-06 16:03:03,546,resistance_soldier,empire,2,8,2,10,Haruun Kal
2024-02-06 16:03:02,547,at-at,empire,6,3,7,1,Vulpter
2024-02-06 16:03:01,548,stormtrooper,resistance,1,9,8,4,Chandrila
2024-02-06 16:03:00,549,at-at,resistance,8,6,6,7,Rodia
2024-02-06 16:02:59,550,at-st,resistance,5,2,8,3,Socorro
2024-02-06 16:02:58,551,stormtrooper,empire,1,9,5,10,Trandosha
2024-02-06 16:02:57,552,tie_silencer,resistance,7,2,5,3,Toydaria
2024-02-06 16:02:56,553,x-wing,empire,4,5,4,6,Vulpter
2024-02-06 16:02:55,554,at-st,empire,5,9,4,5,Mirial
2024-02-06 16:02:54,555,unknown,resistance,1,8,5,6,Dathomir
2024-02-06 16:02:53,556,x-wing,resistance,4,6,5,5,Chandrila
2024-02-06 16:02:52,557,at-st,empire,8,1,10,2,Dagobah
2024-02-06 16:02:51,558,tie_fighter,resistance,1,2,10,8,Dathomir
2024-02-06 16:02:50,559,at-st,empire,6,6,10,2,Kalee
2024-02-06 16:02:49,560,tie_fighter,empire,3,2,1,4,Stewjon
2024-02-06 16:02:48,561,at-at,empire,5,4,1,5,Corellia
2024-02-06 16:02:47,562,tie_fighter,empire,6,9,3,6,Eriadu
2024-02-06 16:02:46,563,at-st,resistance,6,10,9,2,Rodia
2024-02-06 16:02:45,564,tie_fighter,resistance,4,8,10,1,Sullust
2024-02-06 16:02:44,565,tie_silencer,resistance,9,5,8,2,Naboo
2024-02-06 16:02:43,566,stormtrooper,empire,1,9,1,3,Dorin
2024-02-06 16:02:42,567,unknown,resistance,5,4,9,1,Socorro
2024-02-06 16:02:41,568,tie_fighter,resistance,9,5,7,7,Sullust
2024-02-06 16:02:40,569,tie_fighter,empire,10,6,10,2,Stewjon
2024-02-06 16:02:39,570,unknown,empire,10,1,5,4,Quermia
2024-02-06 16:02:38,571,tie_silencer,resistance,9,6,7,4,Iridonia
2024-02-06 16:02:37,572,unknown,empire,2,10,9,9,Muunilinst
2024-02-06 16:02:36,573,tie_silencer,resistance,10,5,5,9,Naboo
2024-02-06 16:02:35,574,resistance_soldier,resistance,9,8,6,7,Mon Cala
2024-02-06 16:02:34,575,resistance_soldier,resistance,6,9,6,3,Quermia
2024-02-06 16:02:33,576,tie_silencer,empire,1,8,4,9,Kashyyyk
2024-02-06 16:02:32,577,tie_silencer,resistance,1,1,10,5,Quermia
2024-02-06 16:02:31,578,stormtrooper,resistance,9,1,10,10,Iktotch
2024-02-06 16:02:30,579,stormtrooper,empire,1,2,1,5,Quermia
2024-02-06 16:02:29,580,x-wing,empire,4,1,9,8,Mirial
2024-02-06 16:02:28,581,tie_silencer,resistance,5,6,10,2,Iridonia
2024-02-06 16:02:27,582,x-wing,empire,7,1,10,4,Eriadu
2024-02-06 16:02:26,583,resistance_soldier,empire,8,9,1,2,Serenno
2024-02-06 16:02:25,584,tie_silencer,empire,2,4,5,8,Concord Dawn
2024-02-06 16:02:24,585,at-at,resistance,3,10,9,6,Sullust
2024-02-06 16:02:23,586,unknown,resistance,6,6,4,4,Quermia
2024-02-06 16:02:22,587,unknown,empire,10,1,9,3,Eriadu
2024-02-06 16:02:21,588,tie_silencer,resistance,1,9,9,10,Socorro
2024-02-06 16:02:20,589,tie_fighter,resistance,10,7,7,1,Haruun Kal
2024-02-06 16:02:19,590,at-at,empire,6,2,9,1,Eriadu
2024-02-06 16:02:18,591,tie_silencer,empire,2,3,6,7,Champala
2024-02-06 16:02:17,592,stormtrooper,resistance,9,1,4,3,Sullust
2024-02-06 16:02:16,593,at-at,empire,9,8,5,5,Toydaria
2024-02-06 16:02:15,594,at-at,empire,9,1,3,4,Corellia
2024-02-06 16:02:14,595,resistance_soldier,empire,7,8,3,5,Vulpter
2024-02-06 16:02:13,596,unknown,empire,9,4,4,6,Cerea
2024-02-06 16:02:12,597,stormtrooper,empire,6,6,7,9,Corellia
2024-02-06 16:02:11,598,at-st,empire,3,6,5,10,Cerea
2024-02-06 16:02:10,599,unknown,resistance,10,2,9,10,Alderaan
2024-02-06 16:02:09,600,tie_fighter,resistance,4,9,7,2,Naboo
2024-02-06 16:02:08,601,x-wing,resistance,7,10,3,2,Dathomir
2024-02-06 16:02:07,602,at-st,resistance,10,8,4,4,Iktotch
2024-02-06 16:02:06,603,tie_fighter,empire,10,7,2,10,Umbara
2024-02-06 16:02:05,604,tie_fighter,resistance,6,5,9,9,Kashyyyk
2024-02-06 16:02:04,605,at-st,empire,8,5,5,2,Shili
2024-02-06 16:02:03,606,tie_fighter,empire,6,8,5,5,Kashyyyk
2024-02-06 16:02:02,607,tie_silencer,empire,4,7,6,7,Troiken
2024-02-06 16:02:01,608,tie_silencer,empire,3,8,3,10,Eriadu
2024-02-06 16:02:00,609,unknown,resistance,9,4,1,9,Socorro
2024-02-06 16:01:59,610,unknown,empire,9,7,1,4,Toydaria
2024-02-06 16:01:58,611,x-wing,empire,3,10,3,9,Iktotch
2024-02-06 16:01:57,612,at-st,empire,2,3,3,6,Tund
2024-02-06 16:01:56,613,tie_silencer,resistance,7,4,5,7,Iridonia
2024-02-06 16:01:55,614,x-wing,resistance,5,8,4,4,Naboo
2024-02-06 16:01:54,615,at-st,resistance,1,7,6,6,Ryloth
2024-02-06 16:01:53,616,unknown,resistance,4,10,10,9,Kashyyyk
2024-02-06 16:01:52,617,tie_fighter,empire,4,6,1,6,Corellia
2024-02-06 16:01:51,618,tie_fighter,resistance,8,2,7,1,Muunilinst
2024-02-06 16:01:50,619,x-wing,resistance,9,8,5,6,Shili
2024-02-06 16:01:49,620,at-st,empire,9,5,4,1,Muunilinst
2024-02-06 16:01:48,621,x-wing,resistance,8,3,10,4,Muunilinst
2024-02-06 16:01:47,622,at-st,resistance,8,2,7,7,Eriadu
2024-02-06 16:01:46,623,unknown,resistance,4,4,10,3,Sullust
2024-02-06 16:01:45,624,tie_silencer,resistance,9,6,4,6,Glee Anselm
2024-02-06 16:01:44,625,at-at,empire,4,3,6,4,Serenno
2024-02-06 16:01:43,626,tie_fighter,empire,4,5,2,10,Dorin
2024-02-06 16:01:42,627,unknown,empire,4,9,5,6,Haruun Kal
2024-02-06 16:01:41,628,tie_silencer,empire,3,9,4,1,Socorro
2024-02-06 16:01:40,629,stormtrooper,resistance,5,8,2,9,Iridonia
2024-02-06 16:01:39,630,unknown,empire,1,1,1,5,Concord Dawn
2024-02-06 16:01:38,631,at-st,resistance,7,3,4,9,Sullust
2024-02-06 16:01:37,632,resistance_soldier,resistance,10,5,4,10,Chandrila
2024-02-06 16:01:36,633,x-wing,empire,10,9,3,9,Chandrila
2024-02-06 16:01:35,634,unknown,empire,4,4,4,1,Trandosha
2024-02-06 16:01:34,635,stormtrooper,empire,3,2,1,1,Skako
2024-02-06 16:01:33,636,unknown,resistance,3,1,7,8,Naboo
2024-02-06 16:01:32,637,at-at,resistance,2,4,3,4,Chandrila
2024-02-06 16:01:31,638,stormtrooper,resistance,5,1,7,1,Alderaan
2024-02-06 16:01:30,639,unknown,resistance,5,6,1,8,Mon Cala
2024-02-06 16:01:29,640,at-st,empire,2,10,6,9,Trandosha
2024-02-06 16:01:28,641,tie_fighter,resistance,9,4,7,9,Umbara
2024-02-06 16:01:27,642,tie_fighter,resistance,9,10,9,10,Kalee
2024-02-06 16:01:26,643,tie_silencer,resistance,2,7,10,7,Skako
2024-02-06 16:01:25,644,at-st,resistance,7,6,4,5,Mirial
2024-02-06 16:01:24,645,tie_silencer,empire,1,7,8,7,Tholoth
2024-02-06 16:01:23,646,at-at,resistance,3,5,7,3,Alderaan
2024-02-06 16:01:22,647,at-at,empire,9,4,5,4,Eriadu
2024-02-06 16:01:21,648,at-at,empire,2,9,9,8,Stewjon
2024-02-06 16:01:20,649,at-at,empire,2,8,7,5,Cerea
2024-02-06 16:01:19,650,resistance_soldier,empire,1,6,6,4,Kalee
2024-02-06 16:01:18,651,stormtrooper,resistance,2,2,10,10,Shili
2024-02-06 16:01:17,652,tie_fighter,resistance,3,3,3,5,Naboo
2024-02-06 16:01:16,653,unknown,empire,3,3,8,5,Dagobah
2024-02-06 16:01:15,654,stormtrooper,empire,5,6,6,3,Mon Cala
2024-02-06 16:01:14,655,resistance_soldier,resistance,4,8,8,8,Tholoth
2024-02-06 16:01:13,656,at-st,resistance,9,6,3,3,Mon Cala
2024-02-06 16:01:12,657,x-wing,resistance,3,2,6,2,Shili
2024-02-06 16:01:11,658,at-at,resistance,6,10,3,10,Rodia
2024-02-06 16:01:10,659,at-st,empire,3,8,7,2,Corellia
2024-02-06 16:01:09,660,at-at,empire,2,3,9,8,Tund
2024-02-06 16:01:08,661,resistance_soldier,empire,6,9,1,5,Toydaria
2024-02-06 16:01:07,662,unknown,empire,1,5,3,3,Serenno
2024-02-06 16:01:06,663,tie_fighter,resistance,2,5,9,4,Iktotch
2024-02-06 16:01:05,664,at-st,resistance,9,1,1,6,Sullust
2024-02-06 16:01:04,665,tie_fighter,resistance,1,9,2,7,Alderaan
2024-02-06 16:01:03,666,tie_fighter,empire,9,9,10,5,Dagobah
2024-02-06 16:01:02,667,resistance_soldier,empire,8,10,4,8,Eriadu
2024-02-06 16:01:01,668,at-at,resistance,10,3,9,6,Iktotch
2024-02-06 16:01:00,669,tie_silencer,resistance,7,1,4,7,Troiken
2024-02-06 16:00:59,670,at-at,empire,4,3,10,5,Dathomir
2024-02-06 16:00:58,671,x-wing,resistance,6,5,5,4,Glee Anselm
2024-02-06 16:00:57,672,tie_silencer,resistance,9,4,6,7,Kashyyyk
2024-02-06 16:00:56,673,stormtrooper,resistance,5,8,7,9,Aleen Minor
2024-02-06 16:00:55,674,tie_silencer,empire,4,3,1,2,Malastare
2024-02-06 16:00:54,675,unknown,resistance,10,1,6,9,Ryloth
2024-02-06 16:00:53,676,at-at,resistance,2,4,9,6,Tatooine
2024-02-06 16:00:52,677,tie_silencer,resistance,4,7,9,6,Toydaria
2024-02-06 16:00:51,678,stormtrooper,resistance,7,1,10,7,Iridonia
2024-02-06 16:00:50,679,x-wing,empire,2,8,9,2,Troiken
2024-02-06 16:00:49,680,tie_fighter,resistance,7,6,6,6,Cerea
2024-02-06 16:00:48,681,resistance_soldier,resistance,8,7,6,4,Tholoth
2024-02-06 16:00:47,682,stormtrooper,resistance,4,8,3,4,Dathomir
2024-02-06 16:00:46,683,stormtrooper,empire,4,3,8,1,Quermia
2024-02-06 16:00:45,684,at-at,resistance,5,6,5,3,Sullust
2024-02-06 16:00:44,685,at-at,resistance,8,4,4,7,Aleen Minor
2024-02-06 16:00:43,686,resistance_soldier,empire,2,7,7,5,Bestine IV
2024-02-06 16:00:42,687,at-st,empire,8,8,3,5,Iridonia
2024-02-06 16:00:41,688,x-wing,resistance,8,5,3,2,Haruun Kal
2024-02-06 16:00:40,689,unknown,resistance,2,10,6,10,Dagobah
2024-02-06 16:00:39,690,stormtrooper,resistance,9,2,10,8,Dathomir
2024-02-06 16:00:38,691,stormtrooper,empire,1,2,5,6,Tholoth
2024-02-06 16:00:37,692,x-wing,resistance,5,9,7,7,Mon Cala
2024-02-06 16:00:36,693,tie_silencer,empire,3,10,5,7,Muunilinst
2024-02-06 16:00:35,694,unknown,empire,1,7,7,6,Troiken
2024-02-06 16:00:34,695,at-st,resistance,2,5,5,8,Alderaan
2024-02-06 16:00:33,696,tie_fighter,empire,9,5,1,10,Tund
2024-02-06 16:00:32,697,x-wing,empire,8,4,3,8,Ojom
2024-02-06 16:00:31,698,resistance_soldier,resistance,9,3,7,4,Troiken
2024-02-06 16:00:30,699,x-wing,resistance,1,2,9,8,Bestine IV
2024-02-06 16:00:29,700,at-at,resistance,2,5,8,6,Kashyyyk
2024-02-06 16:00:28,701,unknown,resistance,4,1,7,5,Glee Anselm
2024-02-06 16:00:27,702,stormtrooper,resistance,2,3,5,6,Glee Anselm
2024-02-06 16:00:26,703,resistance_soldier,empire,2,8,10,8,Corellia
2024-02-06 16:00:25,704,at-at,empire,7,1,10,10,Toydaria
2024-02-06 16:00:24,705,tie_silencer,empire,8,4,4,10,Corellia
2024-02-06 16:00:23,706,resistance_soldier,empire,1,10,7,7,Malastare
2024-02-06 16:00:22,707,resistance_soldier,resistance,8,4,4,9,Socorro
2024-02-06 16:00:21,708,unknown,empire,1,2,2,5,Trandosha
2024-02-06 16:00:20,709,tie_silencer,resistance,9,10,6,9,Dorin
2024-02-06 16:00:19,710,at-st,empire,3,6,9,7,Dagobah
2024-02-06 16:00:18,711,tie_silencer,resistance,3,10,3,8,Vulpter
2024-02-06 16:00:17,712,tie_silencer,resistance,3,5,9,10,Dathomir
2024-02-06 16:00:16,713,stormtrooper,resistance,8,8,6,7,Socorro
2024-02-06 16:00:15,714,resistance_soldier,empire,7,1,5,5,Malastare
2024-02-06 16:00:14,715,x-wing,empire,5,10,3,6,Stewjon
2024-02-06 16:00:13,716,at-st,resistance,6,9,1,5,Shili
2024-02-06 16:00:12,717,at-at,empire,8,3,3,2,Malastare
2024-02-06 16:00:11,718,tie_silencer,empire,1,4,7,8,Dagobah
2024-02-06 16:00:10,719,at-at,resistance,10,6,8,10,Tatooine
2024-02-06 16:00:09,720,resistance_soldier,empire,8,4,1,2,Skako
2024-02-06 16:00:08,721,tie_silencer,resistance,5,8,2,3,Iktotch
2024-02-06 16:00:07,722,resistance_soldier,resistance,3,1,9,6,Sullust
2024-02-06 16:00:06,723,tie_fighter,resistance,3,10,5,6,Quermia
2024-02-06 16:00:05,724,tie_silencer,resistance,4,7,3,8,Iktotch
2024-02-06 16:00:04,725,resistance_soldier,empire,7,6,10,6,Stewjon
2024-02-06 16:00:03,726,x-wing,resistance,10,5,5,5,Chandrila
2024-02-06 16:00:02,727,stormtrooper,resistance,8,1,8,10,Dathomir
2024-02-06 16:00:01,728,at-at,resistance,5,10,8,3,Iktotch
2024-02-06 16:00:00,729,resistance_soldier,empire,3,7,9,6,Zolan
2024-02-06 15:59:59,730,at-at,empire,7,3,9,2,Concord Dawn
2024-02-06 15:59:58,731,resistance_soldier,resistance,1,2,4,1,Mon Cala
2024-02-06 15:59:57,732,at-st,empire,3,10,2,1,Troiken
2024-02-06 15:59:56,733,resistance_soldier,resistance,6,2,10,9,Iridonia
2024-02-06 15:59:55,734,resistance_soldier,empire,4,10,8,1,Glee Anselm
2024-02-06 15:59:54,735,stormtrooper,empire,2,8,1,6,Rodia
2024-02-06 15:59:53,736,tie_silencer,resistance,7,1,3,2,Mon Cala
2024-02-06 15:59:52,737,at-at,resistance,2,6,5,3,Mirial
2024-02-06 15:59:51,738,unknown,empire,8,10,5,4,Chandrila
2024-02-06 15:59:50,739,tie_silencer,empire,2,10,10,1,Muunilinst
2024-02-06 15:59:49,740,tie_fighter,resistance,5,8,7,6,Alderaan
2024-02-06 15:59:48,741,stormtrooper,empire,2,8,3,8,Serenno
2024-02-06 15:59:47,742,tie_silencer,resistance,9,10,3,9,Ryloth
2024-02-06 15:59:46,743,resistance_soldier,resistance,6,2,3,5,Bestine IV
2024-02-06 15:59:45,744,unknown,resistance,2,3,4,10,Rodia
2024-02-06 15:59:44,745,unknown,resistance,2,2,5,10,Mirial
2024-02-06 15:59:43,746,unknown,resistance,9,2,4,9,Socorro
2024-02-06 15:59:42,747,tie_silencer,empire,2,2,4,9,Haruun Kal
2024-02-06 15:59:41,748,at-st,empire,6,10,7,6,Trandosha
2024-02-06 15:59:40,749,x-wing,resistance,2,1,2,2,Shili
2024-02-06 15:59:39,750,resistance_soldier,resistance,3,2,8,6,Chandrila
2024-02-06 15:59:38,751,tie_fighter,empire,10,6,8,3,Shili
2024-02-06 15:59:37,752,x-wing,resistance,3,4,9,5,Rodia
2024-02-06 15:59:36,753,x-wing,empire,3,4,2,10,Serenno
2024-02-06 15:59:35,754,resistance_soldier,empire,7,1,8,4,Quermia
2024-02-06 15:59:34,755,unknown,empire,9,10,2,2,Eriadu
2024-02-06 15:59:33,756,resistance_soldier,empire,6,8,6,4,Skako
2024-02-06 15:59:32,757,unknown,empire,3,10,5,7,Bestine IV
2024-02-06 15:59:31,758,at-st,resistance,6,10,2,4,Chandrila
2024-02-06 15:59:30,759,tie_silencer,empire,1,2,7,5,Muunilinst
2024-02-06 15:59:29,760,tie_fighter,empire,7,6,3,5,Aleen Minor
2024-02-06 15:59:28,761,at-st,resistance,1,6,9,9,Alderaan
2024-02-06 15:59:27,762,x-wing,empire,4,8,8,2,Umbara
2024-02-06 15:59:26,763,tie_silencer,empire,9,2,8,5,Skako
2024-02-06 15:59:25,764,tie_silencer,resistance,2,9,10,2,Sullust
2024-02-06 15:59:24,765,x-wing,resistance,3,3,5,7,Shili
2024-02-06 15:59:23,766,tie_fighter,resistance,2,4,3,9,Socorro
2024-02-06 15:59:22,767,resistance_soldier,resistance,5,5,4,6,Mon Cala
2024-02-06 15:59:21,768,stormtrooper,empire,2,2,9,2,Toydaria
2024-02-06 15:59:20,769,tie_silencer,resistance,9,9,5,9,Dathomir
2024-02-06 15:59:19,770,tie_fighter,empire,10,8,7,2,Aleen Minor
2024-02-06 15:59:18,771,tie_silencer,empire,7,2,3,10,Vulpter
2024-02-06 15:59:17,772,tie_fighter,empire,7,1,1,2,Troiken
2024-02-06 15:59:16,773,tie_silencer,empire,4,1,5,7,Kalee
2024-02-06 15:59:15,774,stormtrooper,resistance,2,7,9,3,Dagobah
2024-02-06 15:59:14,775,tie_silencer,empire,10,3,5,6,Trandosha
2024-02-06 15:59:13,776,x-wing,empire,6,1,8,5,Serenno
2024-02-06 15:59:12,777,at-st,empire,9,5,9,9,Haruun Kal
2024-02-06 15:59:11,778,stormtrooper,empire,5,1,2,2,Cerea
2024-02-06 15:59:10,779,resistance_soldier,resistance,9,9,1,3,Socorro
2024-02-06 15:59:09,780,unknown,resistance,3,6,7,7,Bestine IV
2024-02-06 15:59:08,781,resistance_soldier,empire,5,2,1,6,Tholoth
2024-02-06 15:59:07,782,stormtrooper,empire,9,2,3,10,Skako
2024-02-06 15:59:06,783,resistance_soldier,resistance,8,8,7,6,Alderaan
2024-02-06 15:59:05,784,stormtrooper,empire,4,3,4,7,Muunilinst
2024-02-06 15:59:04,785,stormtrooper,empire,10,7,3,2,Concord Dawn
2024-02-06 15:59:03,786,x-wing,resistance,6,5,10,8,Kashyyyk
2024-02-06 15:59:02,787,tie_silencer,resistance,8,4,5,8,Cerea
2024-02-06 15:59:01,788,tie_silencer,empire,5,8,3,3,Tatooine
2024-02-06 15:59:00,789,at-at,resistance,8,3,3,2,Aleen Minor
2024-02-06 15:58:59,790,resistance_soldier,resistance,10,7,5,7,Cerea
2024-02-06 15:58:58,791,at-st,empire,8,9,2,8,Toydaria
2024-02-06 15:58:57,792,resistance_soldier,empire,4,4,9,8,Iridonia
2024-02-06 15:58:56,793,tie_fighter,resistance,5,6,7,5,Chandrila
2024-02-06 15:58:55,794,stormtrooper,empire,1,8,2,6,Rodia
2024-02-06 15:58:54,795,tie_silencer,empire,1,7,9,9,Rodia
2024-02-06 15:58:53,796,resistance_soldier,empire,5,5,4,3,Dagobah
2024-02-06 15:58:52,797,stormtrooper,empire,6,7,10,7,Cerea
2024-02-06 15:58:51,798,unknown,resistance,10,9,1,9,Kashyyyk
2024-02-06 15:58:50,799,at-st,empire,1,10,7,4,Chandrila
2024-02-06 15:58:49,800,tie_fighter,empire,4,3,8,4,Glee Anselm
2024-02-06 15:58:48,801,unknown,resistance,3,10,3,9,Trandosha
2024-02-06 15:58:47,802,at-st,empire,7,9,5,5,Stewjon
2024-02-06 15:58:46,803,stormtrooper,empire,1,4,8,6,Dorin
2024-02-06 15:58:45,804,at-st,resistance,2,1,10,7,Glee Anselm
2024-02-06 15:58:44,805,at-at,empire,4,6,5,2,Malastare
2024-02-06 15:58:43,806,at-at,resistance,1,2,8,1,Tholoth
2024-02-06 15:58:42,807,resistance_soldier,resistance,7,5,7,6,Aleen Minor
2024-02-06 15:58:41,808,tie_silencer,resistance,1,2,10,1,Shili
2024-02-06 15:58:40,809,at-at,empire,6,5,4,10,Champala
2024-02-06 15:58:39,810,tie_silencer,resistance,4,7,8,1,Ryloth
2024-02-06 15:58:38,811,at-st,empire,3,9,9,6,Eriadu
2024-02-06 15:58:37,812,at-st,empire,4,1,5,1,Iktotch
2024-02-06 15:58:36,813,unknown,resistance,7,6,2,10,Zolan
2024-02-06 15:58:35,814,tie_silencer,resistance,5,1,9,1,Iridonia
2024-02-06 15:58:34,815,at-at,resistance,5,3,8,10,Dorin
2024-02-06 15:58:33,816,tie_silencer,resistance,2,6,3,8,Haruun Kal
2024-02-06 15:58:32,817,unknown,empire,2,10,5,7,Muunilinst
2024-02-06 15:58:31,818,stormtrooper,empire,2,7,6,6,Serenno
2024-02-06 15:58:30,819,x-wing,empire,7,4,9,2,Dagobah
2024-02-06 15:58:29,820,at-st,resistance,4,1,3,7,Chandrila
2024-02-06 15:58:28,821,unknown,empire,6,5,1,5,Aleen Minor
2024-02-06 15:58:27,822,x-wing,empire,9,7,1,7,Tund
2024-02-06 15:58:26,823,x-wing,resistance,8,10,9,3,Socorro
2024-02-06 15:58:25,824,at-at,empire,3,4,7,10,Umbara
2024-02-06 15:58:24,825,x-wing,empire,1,7,3,10,Zolan
2024-02-06 15:58:23,826,unknown,resistance,8,6,9,3,Iridonia
2024-02-06 15:58:22,827,stormtrooper,resistance,8,10,8,2,Champala
2024-02-06 15:58:21,828,x-wing,empire,10,10,2,8,Skako
2024-02-06 15:58:20,829,tie_silencer,resistance,10,2,9,2,Iridonia
2024-02-06 15:58:19,830,tie_fighter,resistance,8,8,7,3,Zolan
2024-02-06 15:58:18,831,at-st,resistance,4,8,8,9,Kalee
2024-02-06 15:58:17,832,stormtrooper,empire,1,2,9,3,Rodia
2024-02-06 15:58:16,833,at-at,empire,4,3,2,3,Ojom
2024-02-06 15:58:15,834,at-at,empire,9,9,4,6,Dorin
2024-02-06 15:58:14,835,stormtrooper,resistance,3,4,9,3,Iktotch
2024-02-06 15:58:13,836,resistance_soldier,resistance,2,6,5,9,Kashyyyk
2024-02-06 15:58:12,837,x-wing,empire,1,5,2,1,Shili
2024-02-06 15:58:11,838,unknown,resistance,4,7,4,8,Shili
2024-02-06 15:58:10,839,stormtrooper,resistance,6,2,4,7,Iktotch
2024-02-06 15:58:09,840,resistance_soldier,resistance,2,3,9,3,Malastare
2024-02-06 15:58:08,841,at-at,resistance,2,8,3,7,Mon Cala
2024-02-06 15:58:07,842,unknown,resistance,4,8,9,2,Alderaan
2024-02-06 15:58:06,843,stormtrooper,empire,2,1,2,4,Cerea
2024-02-06 15:58:05,844,x-wing,resistance,2,5,6,3,Kalee
2024-02-06 15:58:04,845,unknown,empire,6,7,10,5,Corellia
2024-02-06 15:58:03,846,x-wing,empire,4,7,1,8,Zolan
2024-02-06 15:58:02,847,unknown,resistance,2,3,9,9,Umbara
2024-02-06 15:58:01,848,x-wing,empire,1,5,8,9,Tund
2024-02-06 15:58:00,849,unknown,resistance,1,10,8,2,Glee Anselm
2024-02-06 15:57:59,850,at-at,empire,10,2,6,8,Champala
2024-02-06 15:57:58,851,tie_silencer,empire,4,3,9,9,Stewjon
2024-02-06 15:57:57,852,x-wing,resistance,7,10,7,9,Mon Cala
2024-02-06 15:57:56,853,tie_silencer,empire,2,5,4,8,Shili
2024-02-06 15:57:55,854,tie_fighter,resistance,2,6,10,6,Naboo
2024-02-06 15:57:54,855,stormtrooper,resistance,9,1,7,1,Mon Cala
2024-02-06 15:57:53,856,tie_silencer,empire,7,10,10,10,Haruun Kal
2024-02-06 15:57:52,857,tie_silencer,resistance,7,2,4,2,Dorin
2024-02-06 15:57:51,858,at-at,empire,7,4,7,10,Tund
2024-02-06 15:57:50,859,tie_silencer,empire,4,3,5,1,Serenno
2024-02-06 15:57:49,860,at-st,resistance,6,7,8,1,Mon Cala
2024-02-06 15:57:48,861,at-st,resistance,10,8,3,10,Mirial
2024-02-06 15:57:47,862,tie_fighter,resistance,9,3,8,4,Iktotch
2024-02-06 15:57:46,863,stormtrooper,empire,9,7,5,7,Mirial
2024-02-06 15:57:45,864,tie_silencer,empire,7,9,3,8,Shili
2024-02-06 15:57:44,865,stormtrooper,resistance,6,7,1,9,Umbara
2024-02-06 15:57:43,866,tie_silencer,empire,5,7,4,7,Dagobah
2024-02-06 15:57:42,867,at-st,resistance,3,3,7,6,Chandrila
2024-02-06 15:57:41,868,unknown,empire,8,9,9,7,Serenno
2024-02-06 15:57:40,869,stormtrooper,resistance,9,8,1,3,Naboo
2024-02-06 15:57:39,870,tie_silencer,empire,1,10,9,5,Concord Dawn
2024-02-06 15:57:38,871,at-at,resistance,6,7,1,8,Vulpter
2024-02-06 15:57:37,872,tie_fighter,empire,5,10,7,5,Serenno
2024-02-06 15:57:36,873,at-at,resistance,9,3,8,4,Ryloth
2024-02-06 15:57:35,874,unknown,empire,8,4,8,8,Malastare
2024-02-06 15:57:34,875,tie_silencer,empire,7,9,2,7,Toydaria
2024-02-06 15:57:33,876,resistance_soldier,resistance,2,2,3,7,Eriadu
2024-02-06 15:57:32,877,unknown,empire,2,5,8,7,Skako
2024-02-06 15:57:31,878,resistance_soldier,resistance,9,7,6,7,Dorin
2024-02-06 15:57:30,879,unknown,empire,8,7,7,3,Stewjon
2024-02-06 15:57:29,880,at-at,resistance,7,8,2,2,Naboo
2024-02-06 15:57:28,881,at-st,empire,6,1,2,5,Haruun Kal
2024-02-06 15:57:27,882,tie_silencer,empire,4,8,5,3,Umbara
2024-02-06 15:57:26,883,tie_silencer,empire,2,9,8,9,Serenno
2024-02-06 15:57:25,884,x-wing,empire,3,10,10,3,Ryloth
2024-02-06 15:57:24,885,tie_silencer,resistance,8,9,1,9,Bestine IV
2024-02-06 15:57:23,886,tie_fighter,empire,6,3,6,4,Zolan
2024-02-06 15:57:22,887,at-st,resistance,6,7,6,7,Cerea
2024-02-06 15:57:21,888,tie_fighter,resistance,3,1,3,9,Muunilinst
2024-02-06 15:57:20,889,resistance_soldier,resistance,7,9,5,9,Champala
2024-02-06 15:57:19,890,stormtrooper,resistance,9,10,2,3,Sullust
2024-02-06 15:57:18,891,tie_fighter,resistance,9,7,6,2,Vulpter
2024-02-06 15:57:17,892,x-wing,resistance,4,2,2,6,Tatooine
2024-02-06 15:57:16,893,at-st,empire,8,9,8,5,Corellia
2024-02-06 15:57:15,894,unknown,resistance,1,7,5,5,Alderaan
2024-02-06 15:57:14,895,resistance_soldier,empire,1,5,3,1,Serenno
2024-02-06 15:57:13,896,tie_silencer,empire,10,3,10,9,Skako
2024-02-06 15:57:12,897,at-st,empire,6,10,1,1,Tholoth
2024-02-06 15:57:11,898,tie_fighter,resistance,8,6,5,8,Umbara
2024-02-06 15:57:10,899,at-at,resistance,3,10,3,8,Iridonia
2024-02-06 15:57:09,900,tie_fighter,resistance,9,9,10,1,Kashyyyk
2024-02-06 15:57:08,901,tie_silencer,resistance,1,7,4,1,Mon Cala
2024-02-06 15:57:07,902,resistance_soldier,empire,5,5,10,3,Corellia
2024-02-06 15:57:06,903,at-st,empire,4,3,5,1,Corellia
2024-02-06 15:57:05,904,stormtrooper,resistance,7,10,7,5,Champala
2024-02-06 15:57:04,905,tie_fighter,empire,5,4,10,5,Stewjon
2024-02-06 15:57:03,906,unknown,empire,3,4,3,3,Ojom
2024-02-06 15:57:02,907,stormtrooper,empire,8,9,6,10,Naboo
2024-02-06 15:57:01,908,tie_fighter,resistance,8,4,6,1,Iktotch
2024-02-06 15:57:00,909,resistance_soldier,resistance,2,4,4,5,Kashyyyk
2024-02-06 15:56:59,910,tie_silencer,empire,2,1,8,2,Dagobah
2024-02-06 15:56:58,911,resistance_soldier,empire,7,3,10,8,Trandosha
2024-02-06 15:56:57,912,stormtrooper,resistance,4,1,7,4,Alderaan
2024-02-06 15:56:56,913,unknown,resistance,3,4,2,4,Cerea
2024-02-06 15:56:55,914,x-wing,empire,6,10,4,7,Tatooine
2024-02-06 15:56:54,915,unknown,resistance,9,10,1,10,Concord Dawn
2024-02-06 15:56:53,916,x-wing,resistance,9,10,9,9,Haruun Kal
2024-02-06 15:56:52,917,tie_fighter,empire,5,3,6,5,Ojom
2024-02-06 15:56:51,918,tie_fighter,empire,7,9,9,8,Muunilinst
2024-02-06 15:56:50,919,stormtrooper,resistance,3,9,8,2,Sullust
2024-02-06 15:56:49,920,x-wing,empire,8,9,9,2,Concord Dawn
2024-02-06 15:56:48,921,at-st,resistance,10,6,5,3,Mirial
2024-02-06 15:56:47,922,at-at,resistance,2,8,10,9,Umbara
2024-02-06 15:56:46,923,resistance_soldier,empire,9,9,10,5,Toydaria
2024-02-06 15:56:45,924,resistance_soldier,resistance,7,5,7,1,Zolan
2024-02-06 15:56:44,925,stormtrooper,resistance,8,10,2,4,Concord Dawn
2024-02-06 15:56:43,926,unknown,empire,9,10,7,8,Zolan
2024-02-06 15:56:42,927,tie_silencer,empire,4,2,8,6,Rodia
2024-02-06 15:56:41,928,stormtrooper,resistance,6,5,5,9,Dagobah
2024-02-06 15:56:40,929,tie_fighter,empire,4,4,5,1,Bestine IV
2024-02-06 15:56:39,930,resistance_soldier,resistance,7,7,5,8,Dagobah
2024-02-06 15:56:38,931,x-wing,empire,4,8,9,5,Iktotch
2024-02-06 15:56:37,932,at-st,empire,7,2,8,1,Toydaria
2024-02-06 15:56:36,933,unknown,empire,5,6,10,3,Glee Anselm
2024-02-06 15:56:35,934,resistance_soldier,resistance,6,2,7,5,Rodia
2024-02-06 15:56:34,935,unknown,empire,9,2,2,5,Skako
2024-02-06 15:56:33,936,unknown,empire,10,4,3,9,Tund
2024-02-06 15:56:32,937,resistance_soldier,empire,5,7,5,10,Troiken
2024-02-06 15:56:31,938,x-wing,empire,9,7,9,7,Malastare
2024-02-06 15:56:30,939,at-at,resistance,1,7,1,1,Naboo
2024-02-06 15:56:29,940,tie_fighter,resistance,3,10,4,5,Kashyyyk
2024-02-06 15:56:28,941,tie_fighter,resistance,6,5,2,6,Vulpter
2024-02-06 15:56:27,942,at-st,resistance,3,7,1,2,Vulpter
2024-02-06 15:56:26,943,stormtrooper,empire,7,6,1,1,Concord Dawn
2024-02-06 15:56:25,944,unknown,resistance,4,10,8,1,Iridonia
2024-02-06 15:56:24,945,x-wing,empire,4,9,10,5,Toydaria
2024-02-06 15:56:23,946,unknown,resistance,5,10,9,8,Kashyyyk
2024-02-06 15:56:22,947,stormtrooper,resistance,2,1,6,1,Glee Anselm
2024-02-06 15:56:21,948,at-st,empire,5,10,10,10,Mirial
2024-02-06 15:56:20,949,x-wing,empire,6,9,4,3,Kalee
2024-02-06 15:56:19,950,at-st,resistance,7,3,10,3,Aleen Minor
2024-02-06 15:56:18,951,at-st,empire,5,6,10,3,Dagobah
2024-02-06 15:56:17,952,x-wing,resistance,10,5,8,4,Zolan
2024-02-06 15:56:16,953,unknown,resistance,8,7,1,4,Concord Dawn
2024-02-06 15:56:15,954,unknown,empire,2,2,4,1,Corellia
2024-02-06 15:56:14,955,stormtrooper,resistance,8,2,4,9,Shili
2024-02-06 15:56:13,956,tie_silencer,resistance,2,4,10,5,Socorro
2024-02-06 15:56:12,957,unknown,resistance,8,6,7,4,Alderaan
2024-02-06 15:56:11,958,x-wing,empire,9,10,9,1,Umbara
2024-02-06 15:56:10,959,at-at,empire,4,9,3,4,Glee Anselm
2024-02-06 15:56:09,960,x-wing,resistance,8,9,10,2,Quermia
2024-02-06 15:56:08,961,x-wing,empire,6,9,2,6,Dorin
2024-02-06 15:56:07,962,tie_fighter,empire,7,3,5,2,Concord Dawn
2024-02-06 15:56:06,963,at-at,resistance,7,2,9,2,Alderaan
2024-02-06 15:56:05,964,unknown,empire,2,1,10,7,Zolan
2024-02-06 15:56:04,965,x-wing,resistance,5,9,4,4,Shili
2024-02-06 15:56:03,966,at-st,resistance,9,4,5,3,Trandosha
2024-02-06 15:56:02,967,stormtrooper,empire,3,10,5,10,Quermia
2024-02-06 15:56:01,968,tie_fighter,resistance,9,6,7,7,Toydaria
2024-02-06 15:56:00,969,x-wing,resistance,6,4,5,3,Ojom
2024-02-06 15:55:59,970,stormtrooper,resistance,10,4,8,7,Iridonia
2024-02-06 15:55:58,971,at-at,resistance,5,2,5,5,Ryloth
2024-02-06 15:55:57,972,at-at,resistance,5,8,10,1,Trandosha
2024-02-06 15:55:56,973,resistance_soldier,empire,4,2,10,9,Malastare
2024-02-06 15:55:55,974,x-wing,empire,1,2,1,10,Tund
2024-02-06 15:55:54,975,resistance_soldier,empire,7,1,8,6,Dorin
2024-02-06 15:55:53,976,at-st,resistance,9,7,2,5,Zolan
2024-02-06 15:55:52,977,unknown,empire,6,8,7,4,Corellia
2024-02-06 15:55:51,978,x-wing,empire,6,10,1,1,Ojom
2024-02-06 15:55:50,979,x-wing,empire,7,8,3,5,Stewjon
2024-02-06 15:55:49,980,tie_fighter,resistance,5,6,9,5,Vulpter
2024-02-06 15:55:48,981,tie_silencer,resistance,9,10,4,2,Ryloth
2024-02-06 15:55:47,982,at-st,resistance,9,7,10,6,Kashyyyk
2024-02-06 15:55:46,983,stormtrooper,empire,4,2,7,2,Corellia
2024-02-06 15:55:45,984,at-st,resistance,5,3,4,3,Tatooine
2024-02-06 15:55:44,985,tie_silencer,resistance,4,9,2,1,Kashyyyk
2024-02-06 15:55:43,986,tie_silencer,empire,1,1,5,8,Dorin
2024-02-06 15:55:42,987,resistance_soldier,resistance,1,3,3,4,Kashyyyk
2024-02-06 15:55:41,988,at-at,resistance,8,6,9,9,Dathomir
2024-02-06 15:55:40,989,stormtrooper,resistance,10,3,7,4,Mon Cala
2024-02-06 15:55:39,990,tie_fighter,resistance,9,9,8,6,Concord Dawn
2024-02-06 15:55:38,991,unknown,resistance,1,1,1,6,Glee Anselm
2024-02-06 15:55:37,992,resistance_soldier,resistance,2,4,3,1,Socorro
2024-02-06 15:55:36,993,at-st,resistance,7,6,10,6,Kashyyyk
2024-02-06 15:55:35,994,at-at,empire,5,5,8,4,Ojom
2024-02-06 15:55:34,995,tie_silencer,resistance,1,1,1,3,Kalee
2024-02-06 15:55:33,996,x-wing,resistance,1,9,4,10,Kalee
2024-02-06 15:55:32,997,resistance_soldier,empire,8,2,9,7,Dorin
2024-02-06 15:55:31,998,stormtrooper,empire,4,2,1,6,Malastare
2024-02-06 15:55:30,999,resistance_soldier,resistance,9,8,3,3,Zolan
2024-02-06 15:55:29,1000,tie_silencer,empire,4,10,6,9,Dorin
